berthbot,aaaaaaaa-aaaa-aaaa-aaaa-aaaaaaaaaaaa
tvk380,05a73864-3a55-4bba-b6d0-470a6a564590
theprogramer,60fa6829-32c5-4001-8df5-7098f9a0128e
shampoobottle7,159adc9b-e842-45c2-aaeb-ba0ed26b18c9
baumi2602,a5c14df7-f030-4c87-92c9-5974f173c0a5
techniclion,857bcc22-9b20-4160-93be-dfb2c8985f49
acuteremlin,da8e7ea2-08c9-4e86-a90a-71f9be0084af
rr_ramiro,e03b7c40-7ee0-4228-b558-7b251729ec53
skrt_skrrrt,ccce2478-be5e-468b-aca7-bd146e4d83c1
brain12bangomag,9159debf-8b44-4a2f-a408-a2aed62941c9
playerstar252,5f9828b8-521e-47ba-9997-c3b39ecd5d59
foretwenty,cd5fb65a-dfab-45d3-9bb1-779ef38d56e9
bnight19,6ec3e588-af59-4853-8389-3fdf49c60259
meexa,e322f012-cb2f-4d01-8607-d57f20471eb7
steinlarve,dee2c25b-6d57-44e3-8f2b-7f56db3ba3a8
masterhashtag,700fd2d3-3bb6-47a8-b9dd-aeefc47ee159
schm0x,c5a24b82-fdb5-4ef4-8120-f4d43977cd94
neoskriptzzreal,3988a703-ca54-4487-91b7-730685904809
gamerduck123,7f16643c-0cd3-42ee-ad07-4d72f1508c0c
